1CU62LtZ5TE-wNpxR9NkRD1ka2_PC2ofn,https://drive.google.com/file/d/1CU62LtZ5TE-wNpxR9NkRD1ka2_PC2ofn
1lv-Lb5DyF6y6xJ-gp6VYn2b78aY8YyWF,https://drive.google.com/file/d/1lv-Lb5DyF6y6xJ-gp6VYn2b78aY8YyWF
1tseDt_bFV_kFWIG1yECZ7NbOuO85ZJq5,https://drive.google.com/file/d/1tseDt_bFV_kFWIG1yECZ7NbOuO85ZJq5
1APGgOk_qOPKg7109u_EatJ4O1_om5w8h,https://drive.google.com/file/d/1APGgOk_qOPKg7109u_EatJ4O1_om5w8h
1bQYwHIlUVIF0jUQsviogNx8ZQYcyDM_9,https://drive.google.com/file/d/1bQYwHIlUVIF0jUQsviogNx8ZQYcyDM_9
1fgCJl7P1u5vimIX3jF40gDgTDLMvEptz,https://drive.google.com/file/d/1fgCJl7P1u5vimIX3jF40gDgTDLMvEptz
14yOz6hxp9t62LR9YuAyVsXJmw07CK-Ij,https://drive.google.com/file/d/14yOz6hxp9t62LR9YuAyVsXJmw07CK-Ij
1CUpw0jGe7WVXsZAFJbtSmTJDr60M60ug,https://drive.google.com/file/d/1CUpw0jGe7WVXsZAFJbtSmTJDr60M60ug
1JQFTLxOTpBXzw2Bu-o6seOe4sl25I3Zd,https://drive.google.com/file/d/1JQFTLxOTpBXzw2Bu-o6seOe4sl25I3Zd
1pIxqiYXYFBoxt1P5BSn9802THk8G6aXB,https://drive.google.com/file/d/1pIxqiYXYFBoxt1P5BSn9802THk8G6aXB
1pRsKuPsm_UfwEgcFZZBoc9om-fJt0D6w,https://drive.google.com/file/d/1pRsKuPsm_UfwEgcFZZBoc9om-fJt0D6w
1uw5uAQ5HH812QAeWOBalOA0VnRnkIdm7,https://drive.google.com/file/d/1uw5uAQ5HH812QAeWOBalOA0VnRnkIdm7
1cR6BXX5cDre8AjB20BEqtlowjmFYllVz,https://drive.google.com/file/d/1cR6BXX5cDre8AjB20BEqtlowjmFYllVz
1ep9eYRttX4hDF01Pv0rfTUJZRX6CIeoW,https://drive.google.com/file/d/1ep9eYRttX4hDF01Pv0rfTUJZRX6CIeoW
1nJMWniQJ3BAnEK9lAVKjb86xjr1_Z7jc,https://drive.google.com/file/d/1nJMWniQJ3BAnEK9lAVKjb86xjr1_Z7jc
1tEqCDPBfrjP-zT9PlQ-GsYM0DABtDCvb,https://drive.google.com/file/d/1tEqCDPBfrjP-zT9PlQ-GsYM0DABtDCvb
14EMwdiIZH1UZzFIzxvUHJNCS06w6-KOL,https://drive.google.com/file/d/14EMwdiIZH1UZzFIzxvUHJNCS06w6-KOL
1OD1-FNR_jyfp1tHxGJQouoHMXLt3Kc4Q,https://drive.google.com/file/d/1OD1-FNR_jyfp1tHxGJQouoHMXLt3Kc4Q
1S9DLBhj9BhYuRDJ9FS9FYqgjaKfsMTsN,https://drive.google.com/file/d/1S9DLBhj9BhYuRDJ9FS9FYqgjaKfsMTsN
1cav7OyjkXhkJ7YAifcQ9WFlQKVkUrEMT,https://drive.google.com/file/d/1cav7OyjkXhkJ7YAifcQ9WFlQKVkUrEMT
18D4VPIO9Kegs5XI1JCbIyHg9oWAs-jc3,https://drive.google.com/file/d/18D4VPIO9Kegs5XI1JCbIyHg9oWAs-jc3
1stty5Fi9veCnMj-Vo4HOvDt-L3a3vlSl,https://drive.google.com/file/d/1stty5Fi9veCnMj-Vo4HOvDt-L3a3vlSl
1j8n6l2HG9_Wq8j0y1T_XwShn3yIFFF2y,https://drive.google.com/file/d/1j8n6l2HG9_Wq8j0y1T_XwShn3yIFFF2y
1vVF9OaSv2VN8PrzAoPjGG4ofbNu5VNrR,https://drive.google.com/file/d/1vVF9OaSv2VN8PrzAoPjGG4ofbNu5VNrR
10jATHS6OnAsYxxFWicpee4tcWKpewwi5,https://drive.google.com/file/d/10jATHS6OnAsYxxFWicpee4tcWKpewwi5
1OZmLoHy18PMcsHP93IThHxN0MIrLF77G,https://drive.google.com/file/d/1OZmLoHy18PMcsHP93IThHxN0MIrLF77G
1Cg6L0vTPoOrcXMETIJVCh2UTlch5pwxu,https://drive.google.com/file/d/1Cg6L0vTPoOrcXMETIJVCh2UTlch5pwxu
1ax98fcomaSGJ8pm7XmM3NgJv0WdmE8cC,https://drive.google.com/file/d/1ax98fcomaSGJ8pm7XmM3NgJv0WdmE8cC
1JXicHW97dkd9mVBIJwpWzFrgwH26EFyJ,https://drive.google.com/file/d/1JXicHW97dkd9mVBIJwpWzFrgwH26EFyJ
1h6y8Kp3feCXSXRQxlNlxKP1pTF1neZ0O,https://drive.google.com/file/d/1h6y8Kp3feCXSXRQxlNlxKP1pTF1neZ0O
1PJjYkHtKxmJQN1bMVg-GM9jvxNtpcZWi,https://drive.google.com/file/d/1PJjYkHtKxmJQN1bMVg-GM9jvxNtpcZWi
1qw9Qg21ZM5dI6MvaGaftderBlvHvZSDa,https://drive.google.com/file/d/1qw9Qg21ZM5dI6MvaGaftderBlvHvZSDa
1NsMzvT26N_3npsqCiZZLVUGlxcQithMo,https://drive.google.com/file/d/1NsMzvT26N_3npsqCiZZLVUGlxcQithMo
1p0JPZ3wIKOf3o71k4pe8AcUVBkjHkpoN,https://drive.google.com/file/d/1p0JPZ3wIKOf3o71k4pe8AcUVBkjHkpoN
1vjU35qUd8Gdm5msygLiQvGGTx_1vpNiZ,https://drive.google.com/file/d/1vjU35qUd8Gdm5msygLiQvGGTx_1vpNiZ
1FNP8XsNtF3JeFtAFcMqoG_MNrWDnn_LV,https://drive.google.com/file/d/1FNP8XsNtF3JeFtAFcMqoG_MNrWDnn_LV
1itpZqrt7vBbUIH6s-CsvUKbDfSjsEeit,https://drive.google.com/file/d/1itpZqrt7vBbUIH6s-CsvUKbDfSjsEeit
1ILdDavzG9dEUAeZBIz4k-sa_Kzl35qI5,https://drive.google.com/file/d/1ILdDavzG9dEUAeZBIz4k-sa_Kzl35qI5
1MW0PpKgT5MCkj8nXVFJ17BnYv9BYMdMA,https://drive.google.com/file/d/1MW0PpKgT5MCkj8nXVFJ17BnYv9BYMdMA
10J61Z_xJQBhAjTLBO9l7mKTlemV0BZB5,https://drive.google.com/file/d/10J61Z_xJQBhAjTLBO9l7mKTlemV0BZB5
1yToA-3UdDvA6fEif0IZ9nwBbNuX76hat,https://drive.google.com/file/d/1yToA-3UdDvA6fEif0IZ9nwBbNuX76hat
18xruoXUVA7-GXd3ATz6mtLZkg88UFEHR,https://drive.google.com/file/d/18xruoXUVA7-GXd3ATz6mtLZkg88UFEHR
1VO2S17m-IT7SGHJZ8DgFa1BwobYAo4Yj,https://drive.google.com/file/d/1VO2S17m-IT7SGHJZ8DgFa1BwobYAo4Yj
1e6eDgYchD6-2EWtyk1FIj4PePym2bdEd,https://drive.google.com/file/d/1e6eDgYchD6-2EWtyk1FIj4PePym2bdEd
1JhHEED-HofoCafrLGK39b_LGjo7k81PR,https://drive.google.com/file/d/1JhHEED-HofoCafrLGK39b_LGjo7k81PR
1xe7I7LKM4YmK4-b08wwkC-Me6l21-Mya,https://drive.google.com/file/d/1xe7I7LKM4YmK4-b08wwkC-Me6l21-Mya
1Ou6e9e6hZ6g9uiyhkSYsd0KYcXLmSUK6,https://drive.google.com/file/d/1Ou6e9e6hZ6g9uiyhkSYsd0KYcXLmSUK6
1re8GAxgvkA6QMyb6GFVdIc9r0STXbQfw,https://drive.google.com/file/d/1re8GAxgvkA6QMyb6GFVdIc9r0STXbQfw
1IjHRE2LT0w8lkkxo0HUOCXoGbStVzvaM,https://drive.google.com/file/d/1IjHRE2LT0w8lkkxo0HUOCXoGbStVzvaM
1TyC2RPFt0BeEITfsFvTgXgUHNroSyO_u,https://drive.google.com/file/d/1TyC2RPFt0BeEITfsFvTgXgUHNroSyO_u
19z_YReg9HaBil7DVdkOsBhErz3gex2ki,https://drive.google.com/file/d/19z_YReg9HaBil7DVdkOsBhErz3gex2ki
1i1e5VM4NVgt0zhu3E3laOlPW6M6EuKZw,https://drive.google.com/file/d/1i1e5VM4NVgt0zhu3E3laOlPW6M6EuKZw
10Uhs-_-t191MUUHofAWdxtaPB03lnsiu,https://drive.google.com/file/d/10Uhs-_-t191MUUHofAWdxtaPB03lnsiu
17EaOr3P3bxUCfiGt__7RQsbG7JZRoV_X,https://drive.google.com/file/d/17EaOr3P3bxUCfiGt__7RQsbG7JZRoV_X
17d-YJxbMwKlYYFEKTTkurhMwyJSNn9cu,https://drive.google.com/file/d/17d-YJxbMwKlYYFEKTTkurhMwyJSNn9cu
1keQyU3OktioRj76rV_Olo3mMRoF6lxLO,https://drive.google.com/file/d/1keQyU3OktioRj76rV_Olo3mMRoF6lxLO
1T8UY3G1lAXU3izLnCWMnlLPAQrZ1X--V,https://drive.google.com/file/d/1T8UY3G1lAXU3izLnCWMnlLPAQrZ1X--V
1bhjkK3GE3OwjcVdutm1DTENSm6REEiLx,https://drive.google.com/file/d/1bhjkK3GE3OwjcVdutm1DTENSm6REEiLx
1tQGrtJW5CFF0JWNglpd_NJvAkINjXyQJ,https://drive.google.com/file/d/1tQGrtJW5CFF0JWNglpd_NJvAkINjXyQJ
1PKo30Uz9-y7l-KaK5YiWvD0HcuwblT1z,https://drive.google.com/file/d/1PKo30Uz9-y7l-KaK5YiWvD0HcuwblT1z
1qycXHyOPf6uyE-NnB1G9WSke0ORSv0v3,https://drive.google.com/file/d/1qycXHyOPf6uyE-NnB1G9WSke0ORSv0v3
1lkb-daDhNZr6_88zI-XyoNS8R-59lOJ0,https://drive.google.com/file/d/1lkb-daDhNZr6_88zI-XyoNS8R-59lOJ0
1F1OI5MRWDb1tGGlInBC4rSP_uPk8jpzd,https://drive.google.com/file/d/1F1OI5MRWDb1tGGlInBC4rSP_uPk8jpzd
1J_gugPq4qzdjoly2XMKXcVhrJZrWMrpJ,https://drive.google.com/file/d/1J_gugPq4qzdjoly2XMKXcVhrJZrWMrpJ
1sLwOCFnbY20o0i_lGz05S991nBlPqYVe,https://drive.google.com/file/d/1sLwOCFnbY20o0i_lGz05S991nBlPqYVe
1l_3yCJRnvYHYqS2MBO2nccPhyxBwr7h9,https://drive.google.com/file/d/1l_3yCJRnvYHYqS2MBO2nccPhyxBwr7h9
1F94BujmM9nlS-eSjLXTh2clubC6j9sMX,https://drive.google.com/file/d/1F94BujmM9nlS-eSjLXTh2clubC6j9sMX
1QWBN1fGCJK5TCcr29pCPInk0iI0sUV2X,https://drive.google.com/file/d/1QWBN1fGCJK5TCcr29pCPInk0iI0sUV2X
1wQz-24Y_X69o_4qX3SoBQS-CxBhoKIG9,https://drive.google.com/file/d/1wQz-24Y_X69o_4qX3SoBQS-CxBhoKIG9
1E2W2ggji4WmZtmszvA4-riEA7CtxSjPj,https://drive.google.com/file/d/1E2W2ggji4WmZtmszvA4-riEA7CtxSjPj
1UbeYdRXjsCQyUs9X8nTdemT1VLCdhw1B,https://drive.google.com/file/d/1UbeYdRXjsCQyUs9X8nTdemT1VLCdhw1B
1hOQqGaaHqjZGKoEF0rdfoeZNbVnmJuEd,https://drive.google.com/file/d/1hOQqGaaHqjZGKoEF0rdfoeZNbVnmJuEd
112XxPlpLtxbRVZlZbh-34cZ2ayWA-Kev,https://drive.google.com/file/d/112XxPlpLtxbRVZlZbh-34cZ2ayWA-Kev
1wBokBm4Mbn84pFJ6K-ZTg3ZnLAunEwXE,https://drive.google.com/file/d/1wBokBm4Mbn84pFJ6K-ZTg3ZnLAunEwXE
11uvJVy3cyO0ROruWAgGn2YFvQqtLMoCS,https://drive.google.com/file/d/11uvJVy3cyO0ROruWAgGn2YFvQqtLMoCS
1pgCoJ3-MFkS3p4-iQnOLAkRimwe03Yqd,https://drive.google.com/file/d/1pgCoJ3-MFkS3p4-iQnOLAkRimwe03Yqd
1azEOq20BgfSjZMkNwdg__9grrtkb_fWo,https://drive.google.com/file/d/1azEOq20BgfSjZMkNwdg__9grrtkb_fWo
1iLK_5rT07p_EO0qK0MoLcXmLH-BTWyCs,https://drive.google.com/file/d/1iLK_5rT07p_EO0qK0MoLcXmLH-BTWyCs
11qODVACD0lh7uk3QejO5B4BGIkQGybmF,https://drive.google.com/file/d/11qODVACD0lh7uk3QejO5B4BGIkQGybmF
1uG_Ffmk0P_f-fOmTMFlACEUOZyZ1K-Ml,https://drive.google.com/file/d/1uG_Ffmk0P_f-fOmTMFlACEUOZyZ1K-Ml
11fj0mHwHEVQnImYQz_s6wbutnwDJefRH,https://drive.google.com/file/d/11fj0mHwHEVQnImYQz_s6wbutnwDJefRH
1uu28EoiN46LFl3fLBpZeUU7w3jWThsPI,https://drive.google.com/file/d/1uu28EoiN46LFl3fLBpZeUU7w3jWThsPI
17pAsyjQENtrCgiM43m4CAhX0sLzr37x_,https://drive.google.com/file/d/17pAsyjQENtrCgiM43m4CAhX0sLzr37x_
1SJTuaXcf4l5DxdNCpCLcCPUeVgwU_Q2H,https://drive.google.com/file/d/1SJTuaXcf4l5DxdNCpCLcCPUeVgwU_Q2H
1JLgt06xXcrmNcFESYeZUdm3ySfVBO40x,https://drive.google.com/file/d/1JLgt06xXcrmNcFESYeZUdm3ySfVBO40x
1y81UUYVm3-qw2ra2gZYJ4-uMbu6XupvC,https://drive.google.com/file/d/1y81UUYVm3-qw2ra2gZYJ4-uMbu6XupvC
1OxDY-D-3ojrGHXyzLsq8WKNTRE-n2tSI,https://drive.google.com/file/d/1OxDY-D-3ojrGHXyzLsq8WKNTRE-n2tSI
1l1nNIW_4lKZSFH47768ftnb-FJr3CKGJ,https://drive.google.com/file/d/1l1nNIW_4lKZSFH47768ftnb-FJr3CKGJ
1Y5VR5l2XOhQe9qIdZpbQ4qTA8rmtxRy-,https://drive.google.com/file/d/1Y5VR5l2XOhQe9qIdZpbQ4qTA8rmtxRy-
1opy_eWs3Rl1TCm4HLKdGbLJTev47Gubc,https://drive.google.com/file/d/1opy_eWs3Rl1TCm4HLKdGbLJTev47Gubc
1fXbZIBEMwy4It3JDwefAyLq8K8S0nxN6,https://drive.google.com/file/d/1fXbZIBEMwy4It3JDwefAyLq8K8S0nxN6
1y-B1fjU-egEMZmaft2RCaq68naS1Dw2G,https://drive.google.com/file/d/1y-B1fjU-egEMZmaft2RCaq68naS1Dw2G
1dHKejSHkFOmxxwJ6I4PafF3Z-o73DW_i,https://drive.google.com/file/d/1dHKejSHkFOmxxwJ6I4PafF3Z-o73DW_i
1fBRYyhdSpl4LATsCGPQmxoYDl_G9tSZ4,https://drive.google.com/file/d/1fBRYyhdSpl4LATsCGPQmxoYDl_G9tSZ4
1KXdb48ZfvwUnqFDPsqLDPGtfEtxGXFku,https://drive.google.com/file/d/1KXdb48ZfvwUnqFDPsqLDPGtfEtxGXFku
1WIoIPoGsHgcak9v98kU8SUAc34SzRlHN,https://drive.google.com/file/d/1WIoIPoGsHgcak9v98kU8SUAc34SzRlHN
16SYzjtpH5gtI1fHiJZKELZxyjeDO88tc,https://drive.google.com/file/d/16SYzjtpH5gtI1fHiJZKELZxyjeDO88tc
19gkn6kHkuPbMtmTeDFBrlBSQmyoFMgtl,https://drive.google.com/file/d/19gkn6kHkuPbMtmTeDFBrlBSQmyoFMgtl
12gvCIJbroNdyaqSzZzEOmNsibUM5ZPF4,https://drive.google.com/file/d/12gvCIJbroNdyaqSzZzEOmNsibUM5ZPF4
1_Moj5QwxdvZqdjQ5SbWAVhDwWicRO62f,https://drive.google.com/file/d/1_Moj5QwxdvZqdjQ5SbWAVhDwWicRO62f
1GgoN_Rzdpg6ymUZEw3hLUBn0mZxNTEdv,https://drive.google.com/file/d/1GgoN_Rzdpg6ymUZEw3hLUBn0mZxNTEdv
1H48kI0FOMeT14uEZYRrMPkKfclNtk479,https://drive.google.com/file/d/1H48kI0FOMeT14uEZYRrMPkKfclNtk479
1y571tyNYEZDKxDHqic2PB5FbXbEqhDvQ,https://drive.google.com/file/d/1y571tyNYEZDKxDHqic2PB5FbXbEqhDvQ
1uQk9ByHz2ArU4oN02k95Ua26xhYtat11,https://drive.google.com/file/d/1uQk9ByHz2ArU4oN02k95Ua26xhYtat11
1V5xUPCkTO1483r5NH7MMJEpbDcOrg2QQ,https://drive.google.com/file/d/1V5xUPCkTO1483r5NH7MMJEpbDcOrg2QQ
1bWD7WEbZoph6RvlVGiKa5u7vnUdflB61,https://drive.google.com/file/d/1bWD7WEbZoph6RvlVGiKa5u7vnUdflB61
1KbYHZz1dqyfLDsysumn1vM47-s6eb87U,https://drive.google.com/file/d/1KbYHZz1dqyfLDsysumn1vM47-s6eb87U
1UZfrBksdW2tDNSU5rPe5160fmHJ_M86k,https://drive.google.com/file/d/1UZfrBksdW2tDNSU5rPe5160fmHJ_M86k
1Jod6b8knXhsxp3nTaSI7sd2lxPZZMcZg,https://drive.google.com/file/d/1Jod6b8knXhsxp3nTaSI7sd2lxPZZMcZg
1_APJEjUdbv6KB8amU7k_86B-t9xrsxIo,https://drive.google.com/file/d/1_APJEjUdbv6KB8amU7k_86B-t9xrsxIo
1M1wqS54p1Yo4e1NRyO3EpxHWnWjURjkw,https://drive.google.com/file/d/1M1wqS54p1Yo4e1NRyO3EpxHWnWjURjkw
1eC_qYbXnvDR232odvDCZmfP59Z_1jeiQ,https://drive.google.com/file/d/1eC_qYbXnvDR232odvDCZmfP59Z_1jeiQ
18Zx52MlmMJ-GWRofWU5h5g5IMRz0uBbX,https://drive.google.com/file/d/18Zx52MlmMJ-GWRofWU5h5g5IMRz0uBbX
1YY6oOgt2kClDZyRyZekONZWUWOQ1AnuE,https://drive.google.com/file/d/1YY6oOgt2kClDZyRyZekONZWUWOQ1AnuE
1XYHvX-vR8VbLfbAoK1TpT3yZ_Cw_Hgkq,https://drive.google.com/file/d/1XYHvX-vR8VbLfbAoK1TpT3yZ_Cw_Hgkq
1tQ0eMYkhRI8jFKw_NxvPlk9PrpFz6Wj0,https://drive.google.com/file/d/1tQ0eMYkhRI8jFKw_NxvPlk9PrpFz6Wj0
1FfOX6aBjTMc8HyS67fvgHEjR5jr7nnDJ,https://drive.google.com/file/d/1FfOX6aBjTMc8HyS67fvgHEjR5jr7nnDJ
1spDjVB9mYGyrAAlnwINyl6_-dIOgXC5n,https://drive.google.com/file/d/1spDjVB9mYGyrAAlnwINyl6_-dIOgXC5n
1-nvXk-aIFQDCoMJ59W-Iu9TdfPv57qFj,https://drive.google.com/file/d/1-nvXk-aIFQDCoMJ59W-Iu9TdfPv57qFj
1NDofJBYFKYR5NgH7uKyjgl4x5EvndJjp,https://drive.google.com/file/d/1NDofJBYFKYR5NgH7uKyjgl4x5EvndJjp
13gXzAWLdyIN-9o1WwnLYxMMdgaJzFHWp,https://drive.google.com/file/d/13gXzAWLdyIN-9o1WwnLYxMMdgaJzFHWp
1uY7hdoZH1EBPWELQbBtuvrbAr4KSoxaH,https://drive.google.com/file/d/1uY7hdoZH1EBPWELQbBtuvrbAr4KSoxaH
1FIPl4jy4JYlvucytThxpiOl3p30FpLYq,https://drive.google.com/file/d/1FIPl4jy4JYlvucytThxpiOl3p30FpLYq
1XKfLILZgOUdm2viRBfJW91v3K3aDL54W,https://drive.google.com/file/d/1XKfLILZgOUdm2viRBfJW91v3K3aDL54W
10tdTuIx391PHHi-ZSKE_i2DGkHmJli3V,https://drive.google.com/file/d/10tdTuIx391PHHi-ZSKE_i2DGkHmJli3V
1ICrBKLLYPypNPptzMQpUnFPjDV_6VvFF,https://drive.google.com/file/d/1ICrBKLLYPypNPptzMQpUnFPjDV_6VvFF
1EgSZHrae0mzUyjUke0Yz6mBErsYoROeG,https://drive.google.com/file/d/1EgSZHrae0mzUyjUke0Yz6mBErsYoROeG
1OHFVAQzVyUDlbcRFeMJK9sBzg0ngrAoV,https://drive.google.com/file/d/1OHFVAQzVyUDlbcRFeMJK9sBzg0ngrAoV
1KI_lFJtj-DmxRp7McHu4bsZ3-EDw-JeT,https://drive.google.com/file/d/1KI_lFJtj-DmxRp7McHu4bsZ3-EDw-JeT
1fgbU81uGfsvvz5i21KLnb-BLdZKsdkf9,https://drive.google.com/file/d/1fgbU81uGfsvvz5i21KLnb-BLdZKsdkf9
1QprYZivg33nzEEgo_EXyDdILFosxh6g6,https://drive.google.com/file/d/1QprYZivg33nzEEgo_EXyDdILFosxh6g6
1UZIJ1vcraIAS1nLf17lRTWX63bvy5dsQ,https://drive.google.com/file/d/1UZIJ1vcraIAS1nLf17lRTWX63bvy5dsQ
1jUp1NMBpz0l2Pzsp377_OAqmO9f3EzhE,https://drive.google.com/file/d/1jUp1NMBpz0l2Pzsp377_OAqmO9f3EzhE
19KToInmlJGjEreD-5hEqqyBRwb_diAzJ,https://drive.google.com/file/d/19KToInmlJGjEreD-5hEqqyBRwb_diAzJ
1cTU5m7CDKFA58BkGfKUy04aCPGQ3gG-g,https://drive.google.com/file/d/1cTU5m7CDKFA58BkGfKUy04aCPGQ3gG-g
1BDKP6M4C2qTGsi7volGwd209I0zaEcrB,https://drive.google.com/file/d/1BDKP6M4C2qTGsi7volGwd209I0zaEcrB
1DDkToOshTgf1EPvCZ88uNrHTxNFnOQmB,https://drive.google.com/file/d/1DDkToOshTgf1EPvCZ88uNrHTxNFnOQmB
1BYotPezChUdV2Jer75WRSIXtoqsSAyBd,https://drive.google.com/file/d/1BYotPezChUdV2Jer75WRSIXtoqsSAyBd
1bPR19X1FUHPf0OmMZ4hrf75NOINGvUV2,https://drive.google.com/file/d/1bPR19X1FUHPf0OmMZ4hrf75NOINGvUV2
1qSG7Blmrl_v5jP00PFgiPGMlT82Q6l43,https://drive.google.com/file/d/1qSG7Blmrl_v5jP00PFgiPGMlT82Q6l43
1_kddE4LbP_aL4Re4SdDJZzVMC6-SS4Yp,https://drive.google.com/file/d/1_kddE4LbP_aL4Re4SdDJZzVMC6-SS4Yp
1SfvCxdtBtatKx9vBmX-vN2jhdPeyAz_t,https://drive.google.com/file/d/1SfvCxdtBtatKx9vBmX-vN2jhdPeyAz_t
1uDlfyDR7zHuR92DsMg9Jwfql0otZHKJl,https://drive.google.com/file/d/1uDlfyDR7zHuR92DsMg9Jwfql0otZHKJl
18XzjLrhNnYy0tRCDe4XSCUTp12CHMoGr,https://drive.google.com/file/d/18XzjLrhNnYy0tRCDe4XSCUTp12CHMoGr
1qC7TZ_tpOOO-grhdLj_EvXNjdXMswl4v,https://drive.google.com/file/d/1qC7TZ_tpOOO-grhdLj_EvXNjdXMswl4v
1ev6nFiw1d5n0JOpwYdE5TNHsUn6qWizB,https://drive.google.com/file/d/1ev6nFiw1d5n0JOpwYdE5TNHsUn6qWizB
1o7TBtgvt2sGMNle1O1tR6gE-WmeAYD9u,https://drive.google.com/file/d/1o7TBtgvt2sGMNle1O1tR6gE-WmeAYD9u
1V0FdiWaKaFOvaouaugtuCwMmofLeffAk,https://drive.google.com/file/d/1V0FdiWaKaFOvaouaugtuCwMmofLeffAk
1CuDko4J4SauETCXS-dcqrCrZ_v7r2to0,https://drive.google.com/file/d/1CuDko4J4SauETCXS-dcqrCrZ_v7r2to0
1EhGBRlBw0LW_8qGEjF--mSPsEKjJbCfu,https://drive.google.com/file/d/1EhGBRlBw0LW_8qGEjF--mSPsEKjJbCfu
1x2AV7W6lus3Q3vz2f1Ah2FO6JiT-62J4,https://drive.google.com/file/d/1x2AV7W6lus3Q3vz2f1Ah2FO6JiT-62J4
152mP6vaaqWsI819wRdh2xazzkS-QyVG2,https://drive.google.com/file/d/152mP6vaaqWsI819wRdh2xazzkS-QyVG2
12JOE8A7E86U1Qsfiuhb1KAoahNrd0ksd,https://drive.google.com/file/d/12JOE8A7E86U1Qsfiuhb1KAoahNrd0ksd
1riNuYr9F506kPn48C_DJygZcvrd_1xEz,https://drive.google.com/file/d/1riNuYr9F506kPn48C_DJygZcvrd_1xEz
1fEjoxzKY8e-a5AmqcsoXMhUIFvXhPekT,https://drive.google.com/file/d/1fEjoxzKY8e-a5AmqcsoXMhUIFvXhPekT
1y2fA3n9gVklFbmCFc9ZbfUd22ZBT3_U9,https://drive.google.com/file/d/1y2fA3n9gVklFbmCFc9ZbfUd22ZBT3_U9
1csCZEXiCjMNVIweHZj2hQSy1OS9BFGws,https://drive.google.com/file/d/1csCZEXiCjMNVIweHZj2hQSy1OS9BFGws
1gyQ7CHnXTalKsVf5QBwTSGDFa34_9bGF,https://drive.google.com/file/d/1gyQ7CHnXTalKsVf5QBwTSGDFa34_9bGF
1VjQxq9i81oEAvuhBGKZ_hd1JeXQI8ijs,https://drive.google.com/file/d/1VjQxq9i81oEAvuhBGKZ_hd1JeXQI8ijs
1Ct92RZKvc8FqE2CLcVvBPaP3eAgft6dd,https://drive.google.com/file/d/1Ct92RZKvc8FqE2CLcVvBPaP3eAgft6dd
16pY8b7hcPO0uuCNWCuq4zF1qO5_hR59r,https://drive.google.com/file/d/16pY8b7hcPO0uuCNWCuq4zF1qO5_hR59r
1tf28Jmm_9tp_MST09z3lUN_6BrVbXayU,https://drive.google.com/file/d/1tf28Jmm_9tp_MST09z3lUN_6BrVbXayU
16w2xOgA_IHek2BF-2Drud2-mu68AEmHL,https://drive.google.com/file/d/16w2xOgA_IHek2BF-2Drud2-mu68AEmHL
1lJeSZOqiiCtyAVFCDT8RmsQLYVSUKKbd,https://drive.google.com/file/d/1lJeSZOqiiCtyAVFCDT8RmsQLYVSUKKbd
16Q-raYdH_oF2w_U283xpcaIIUBPEShQl,https://drive.google.com/file/d/16Q-raYdH_oF2w_U283xpcaIIUBPEShQl
1Op3EAZZZOlMmo0FxREE7kC5vw6BVoOtG,https://drive.google.com/file/d/1Op3EAZZZOlMmo0FxREE7kC5vw6BVoOtG
1CYYuHoqcwKOrB1WnIR9cUuB1D5QAUOlu,https://drive.google.com/file/d/1CYYuHoqcwKOrB1WnIR9cUuB1D5QAUOlu
17luuD1GRHtqtywBs2EoYnvZ5_A5Hvmua,https://drive.google.com/file/d/17luuD1GRHtqtywBs2EoYnvZ5_A5Hvmua
1Pa3V09vdRRjs0Hq7y6GHfcwAGF5ONuci,https://drive.google.com/file/d/1Pa3V09vdRRjs0Hq7y6GHfcwAGF5ONuci
12e7k93YJeqiAPp_TLDUtnDqMZ-yjD-uu,https://drive.google.com/file/d/12e7k93YJeqiAPp_TLDUtnDqMZ-yjD-uu
1ioGdXakGbGUB-nkvXwuD611NxITZrhfi,https://drive.google.com/file/d/1ioGdXakGbGUB-nkvXwuD611NxITZrhfi
1bHY3raEoO41ceWwvoyIynDv3Khi1LAi3,https://drive.google.com/file/d/1bHY3raEoO41ceWwvoyIynDv3Khi1LAi3
18FVnB7wJr5TAOFJhytUB1_WsGKL0-66R,https://drive.google.com/file/d/18FVnB7wJr5TAOFJhytUB1_WsGKL0-66R
1O-wpb8DcByvbjx1f4ety_ii4M0I7vc6Y,https://drive.google.com/file/d/1O-wpb8DcByvbjx1f4ety_ii4M0I7vc6Y
1xjzd8VOJshoXPNAPUNLRIPcpDgBrAA37,https://drive.google.com/file/d/1xjzd8VOJshoXPNAPUNLRIPcpDgBrAA37
1oAtnIJclw5_PDXPGwvX7s7O22Wc05oyO,https://drive.google.com/file/d/1oAtnIJclw5_PDXPGwvX7s7O22Wc05oyO
1LVjm3YW-ur5mKsstutJoyaqJHhX17e9i,https://drive.google.com/file/d/1LVjm3YW-ur5mKsstutJoyaqJHhX17e9i
17DNScgavQiGNPiVvVa7DGlsNBnAeJifo,https://drive.google.com/file/d/17DNScgavQiGNPiVvVa7DGlsNBnAeJifo
1MCZXMMgp_pvBRyzQtNcR7M-KkFTEhwiX,https://drive.google.com/file/d/1MCZXMMgp_pvBRyzQtNcR7M-KkFTEhwiX
1zmuLiug2c4fZbXhnz4Owdc-mBdy_jOIo,https://drive.google.com/file/d/1zmuLiug2c4fZbXhnz4Owdc-mBdy_jOIo
17cNebofBCuWrUjPHP4XnicxqW1vJhMEF,https://drive.google.com/file/d/17cNebofBCuWrUjPHP4XnicxqW1vJhMEF
1ORqThbgWr-h81Jo25dOH3cJ7wH1bUfNw,https://drive.google.com/file/d/1ORqThbgWr-h81Jo25dOH3cJ7wH1bUfNw
1m_hLBZCxxyYA3sLFpRRmadcelJNxlXpt,https://drive.google.com/file/d/1m_hLBZCxxyYA3sLFpRRmadcelJNxlXpt
1DLbSnvDLppyxOTX4JWD_jxmsUDg6cAU5,https://drive.google.com/file/d/1DLbSnvDLppyxOTX4JWD_jxmsUDg6cAU5
18TnE--2DG2F-KlnMwvKokSWeJONqGKST,https://drive.google.com/file/d/18TnE--2DG2F-KlnMwvKokSWeJONqGKST
12uslde-3vS6NZxbYxHFv7IQ71psod-dN,https://drive.google.com/file/d/12uslde-3vS6NZxbYxHFv7IQ71psod-dN
1CHXGIMMKoDo8R6ou3FSN7k7Z78JgQQI3,https://drive.google.com/file/d/1CHXGIMMKoDo8R6ou3FSN7k7Z78JgQQI3
10FaNT3GPYos6ZCz9ieacAwiqymm6N7aP,https://drive.google.com/file/d/10FaNT3GPYos6ZCz9ieacAwiqymm6N7aP
1iPQZ-8fExcDbTEzO6-qTkivobaezYQ5o,https://drive.google.com/file/d/1iPQZ-8fExcDbTEzO6-qTkivobaezYQ5o
1d5-_UrjkT2qCsqULYm-rY7SBRJs1ekPP,https://drive.google.com/file/d/1d5-_UrjkT2qCsqULYm-rY7SBRJs1ekPP
1pUTi1WGFVOAE1Uc9KJn09tV7NNc1puD7,https://drive.google.com/file/d/1pUTi1WGFVOAE1Uc9KJn09tV7NNc1puD7
1ZDbjJDEaOuIvF842OBUjJujGxSH5ceZM,https://drive.google.com/file/d/1ZDbjJDEaOuIvF842OBUjJujGxSH5ceZM
1Am9lK8DvVuveoN1I6NbhbTT2zGyPKWW9,https://drive.google.com/file/d/1Am9lK8DvVuveoN1I6NbhbTT2zGyPKWW9
1eGUIkB8krc1ZyGtTQxRhmQUA9XwXPkTI,https://drive.google.com/file/d/1eGUIkB8krc1ZyGtTQxRhmQUA9XwXPkTI
1sON5ZyDIg8algni46SOjyU_ikHXpRDkH,https://drive.google.com/file/d/1sON5ZyDIg8algni46SOjyU_ikHXpRDkH
1zOy-l63uXiLUkaYEW4EHCX6NoOGq3xN4,https://drive.google.com/file/d/1zOy-l63uXiLUkaYEW4EHCX6NoOGq3xN4
17rVFRppCe5JV-mj5OUOpvXj5tiKGCg4l,https://drive.google.com/file/d/17rVFRppCe5JV-mj5OUOpvXj5tiKGCg4l
1qJ0Huo6TmyHDFvLF9IamgxOh9N0ioVJU,https://drive.google.com/file/d/1qJ0Huo6TmyHDFvLF9IamgxOh9N0ioVJU
1qRvZ-ZfvO1vQb8LHLnQqNQfbtLKhjsye,https://drive.google.com/file/d/1qRvZ-ZfvO1vQb8LHLnQqNQfbtLKhjsye
1OrgoBFVvk9ioAz4MM2sD--QzovkKtQ1N,https://drive.google.com/file/d/1OrgoBFVvk9ioAz4MM2sD--QzovkKtQ1N
1srp62NXu2DsFmXnratA45lXw8NsPKtam,https://drive.google.com/file/d/1srp62NXu2DsFmXnratA45lXw8NsPKtam
1xHFVsXQ7I6CHJUDSaQp-6dkis_RIc7J_,https://drive.google.com/file/d/1xHFVsXQ7I6CHJUDSaQp-6dkis_RIc7J_
1TNClsJZZx3r1rz33yFCDccdNI8qa7w05,https://drive.google.com/file/d/1TNClsJZZx3r1rz33yFCDccdNI8qa7w05
10qnWKICw_W_GNLRtzNbZX3A-0KDx-TeU,https://drive.google.com/file/d/10qnWKICw_W_GNLRtzNbZX3A-0KDx-TeU
18jZm3x29xTNmeF9dO9RNLEWosRkg_hHY,https://drive.google.com/file/d/18jZm3x29xTNmeF9dO9RNLEWosRkg_hHY
1P9WP3Cuy_BFMt2VVD9bbkm1oATOQKSJI,https://drive.google.com/file/d/1P9WP3Cuy_BFMt2VVD9bbkm1oATOQKSJI
1o8hDBvU1XJA-H1QwzGMQybZjj4cYk7Y4,https://drive.google.com/file/d/1o8hDBvU1XJA-H1QwzGMQybZjj4cYk7Y4
1R-ZkmoebYwXt5y8AODj1LhRiHbbLtVd9,https://drive.google.com/file/d/1R-ZkmoebYwXt5y8AODj1LhRiHbbLtVd9
1l-fwjoI9CC1CmMGaV6fhJKgPVfj5sRYY,https://drive.google.com/file/d/1l-fwjoI9CC1CmMGaV6fhJKgPVfj5sRYY
1-bJ5ZWS510PljItYSPW6Ixa6CeKZDR2d,https://drive.google.com/file/d/1-bJ5ZWS510PljItYSPW6Ixa6CeKZDR2d
1JpguA24PKbt2RDI_TeTOv8kYA9Qnyesl,https://drive.google.com/file/d/1JpguA24PKbt2RDI_TeTOv8kYA9Qnyesl
1vFQlgf0JfGg_t1R3TYPFzd8REaql72hG,https://drive.google.com/file/d/1vFQlgf0JfGg_t1R3TYPFzd8REaql72hG
17RSQ0H7RQ1lIKC0uwdjgF5JKq7_wlGZb,https://drive.google.com/file/d/17RSQ0H7RQ1lIKC0uwdjgF5JKq7_wlGZb
1F97iiX0TXFIuFuCrPEEQWVniOHkRFduz,https://drive.google.com/file/d/1F97iiX0TXFIuFuCrPEEQWVniOHkRFduz
1pF44NPVAN5TL16V1Un5mdOpkNV4wjgER,https://drive.google.com/file/d/1pF44NPVAN5TL16V1Un5mdOpkNV4wjgER
10bNTcKmojPJO_AJ5ZtVcbzJtgBDjWA9J,https://drive.google.com/file/d/10bNTcKmojPJO_AJ5ZtVcbzJtgBDjWA9J
10eSMaBZSwxQ-eH3hlB_T1Om-roS2nsam,https://drive.google.com/file/d/10eSMaBZSwxQ-eH3hlB_T1Om-roS2nsam